Conflict,Century,Year,Location,Allies,Opponent(s),Result for the United States and its Allies,Presidents of the United States,
American Revolutionary War,18th Century,1775-1783,Eastern and Southern North America,"United States, Kingdom of France, Canadian Auxiliaries, Spanish Empire, Iroquois, Oneida, Tuscarora, Watauga  Association, Catawba, Lenape, Choctaw, Dutch Republic, Mysore","Great Britain, Loyalists, German Auxiliaries, Iroquois, Onondaga, Cayuga, Seneca, Cherokee",US-allied victory:The American Revolution started as a civil war within the British Empire. It became a larger international war in 1778 once France joined. Treaty of Paris (1783). Britain recognizes the independence of the United States of America and theThirteen Colonies.,"President of the Continental Congress in American Revolutionary War:John Hancock, Henry Laurens, John Jay, Samuel Huntington, Thomas McKean, John Hanson, Elias Boudinot, Thomas Mifflin, Richard Henry Lee, John Hancock, Nathaniel Gorham, Arthur St. Clair, Cyrus Griffin",
Cherokee-American wars,18th Century,1776-1795,Old Southwest,"United States, Choctaw",Cherokee,US-allied victory,"President of the Continental Congress in Cherokee-American wars:John Hancock, Henry Laurens, John Jay, Samuel Huntington, Thomas McKean, John Hanson, Elias Boudinot, Thomas Mifflin, Richard Henry Lee, John Hancock, Nathaniel Gorham, Arthur St. Clair, Cyrus Griffin, residents of the United States:George Washington",
Northwest Indian War,18th Century,1785-1793,Northwest Territory,"United States, Chickasaw, Choctaw","Western Confederacy, Great Britain, British North America",US-allied victory: Treaty of Greenville (1795). American occupation of the Northwest Territory,George Washington,
American-Algerian War,18th Century,1785-1795,Mediterranean Sea and Atlantic Ocean,United States,Regency of Algiers,"Algerian victory: Establishment of theAmerican navy through the Naval Act of 1794. America pay an annual tribute of $21,600. $1 million offered to the Dey",George Washington,
Quasi-War,18th Century,1798-1800,"Atlantic Ocean, the Caribbean, the Indian Ocean and the Mediterranean","United States, Co-belligerent: Great Britain","French Republic, Guadeloupe",Convention of 1800: Peaceful cessation of Franco-American alliance. End of French privateer attacks on American shipping. American neutrality and renunciation of claims by France,John Adams,
First Barbary War,19th Century,1801-1805,"Mediterranean Sea, off the coast ofTripoli","United States, Sweden, Kingdom of Sicily, Malta Protectorate, Kingdom of Portugal, Sultanate of Morocco","Ottoman Tripolitania, Sultanate of Morocco",US-allied victory,Thomas Jefferson,
Tecumseh's War,19th Century,1810-1813,Northwest River Ohio,United States,Tecumseh's Confederacy,US victory,James Madison,
War of 1812,19th Century,1812-1815,Eastern and Central North America,"United States, Choctaw Nation, Cherokee Nation, Creek Allies","United Kingdom, Tecumseh's Confederacy, Spain(1814)",Inconclusive/Other Result: Treaty of Ghent. Military stalemate; both sides' invasion attempts repulsed. Status quo ante bellum. Defeat ofTecumseh's Confederacy. Burning of Washington including the White House and the Capitol,James Madison,
Creek War,19th Century,1813-1814,Southern United States,"United States, Lower Creeks, Cherokee Nation, Choctaw Nation",Red Stick Creek,US-allied victory:Treaty of Fort Jackson,James Madison,
Second Barbary War,19th Century,1815,Mediterranean Sea and the Barbary States,United States,Deylik of Algiers,US victory,James Madison,
First Seminole War,19th Century,1817-1818,"Pensacola,Spanish FloridaBarracks and tents atFort BrookenearTampa Bay",United States,"Seminole, Spanish Florida",US victory: Spain cedes Spanish Florida to the United States in the Adams-Onís Treaty of 1819. The United States forcibly relocates Seminole in northern Florida to a reservation in the center of the peninsula in the Treaty of Moultrie Creek of 1823,James Monroe,
Arikara War,19th Century,1823,Missouri River ,"United States, Sioux",Arikara,Inconclusive/Other Result: White Peace treaty agreed by US Col Leavenworth,James Monroe,
Winnebago War,19th Century,1827,Illinois and Michigan Territory,"United States, Choctaw Nation","Prairie La Crosse, Ho-Chunks",US-allied victory: Ho-Chunkscede lead mining region to the United States,John Quincy Adams,
Black Hawk War,19th Century,1832,Illinois and Michigan Territory ,"United States, Ho-Chunk, Menominee, Dakota, Potawatomi","Black Hawk's, British Band, Ho-Chunk, and Potawatomiallies",US-allied victory: End of Native armed resistance to U.S. expansion in the Old Northwest. Black Hawk Purchase (1832). The United States purchases Potawatomiland in theTreaty of Tippecanoe (1832). The United States purchases the rest of Potawatomi land west of theMississippi River in theTreaty of Chicago (1833).,Andrew Jackson,
Second Seminole War,19th Century,1835-1842,"Florida,United States ",United States,Seminole,"US victory: Approximately 3,800 Seminoles transported to the Indian Territory. Approximately 300 remain in Everglades","Andrew Jackson (March 4, 1829 - March 4, 1837), Martin Van Buren (March 4, 1837 - March 4, 1841), William Henry Harrison (March 4, 1841 - April 4, 1841), John Tyler (April 4, 1841 -March 4, 1845)",
Texas Comanche Wars,19th Century,1836-1875,South-central United States,"Republic of Texas, United States",Comanche,US victory,"Andrew Jackson (March 4, 1829 - March 4, 1837), Martin Van Buren (March 4, 1837 - March 4, 1841), William Henry Harrison (March 4, 1841 - April 4, 1841), John Tyler (April 4, 1841 -March 4, 1845), James K. Polk (March 4, 1845 - March 4, 1849), Zachary Taylor (March 4, 1849 - July 9, 1850), Millard Fillmore (July 9, 1850 - March 4, 1853), Franklin Pierce (March 4, 1853 - March 4, 1857), James Buchanan (March 4, 1857 - March 4, 1861), Abraham Lincoln (March 4, 1861 - April 15, 1865), Andrew Johnson (April 15, 1865 - March 4, 1869), Ulysses S. Grant (March 4, 1869 - March 4, 1877)",
Mexican-American War,19th Century,1846-1848,"Texas, New Mexico, California and Mexico","United States, California Republic",Mexico,US-allied victory: Treaty of Guadalupe Hidalgo. Mexican Cession. Mexican recognition of US sovereignty overTexas and California (among other territories).,James K. Polk,
Cayuse War,19th Century,1847-1855,Oregon ,United States,Cayuse,US victory: Cayusereduced in numbers and forced to cede most of their lands,"James K. Polk (March 4, 1845 - March 4, 1849), Zachary Taylor (March 4, 1849 - July 9, 1850), Millard Fillmore (July 9, 1850 - March 4, 1853), Franklin Pierce (March 4, 1853 - March 4, 1857)",
Apache Wars,19th Century,1849-1924,Southwestern United States ,United States,"Apache, Ute, Yavapai",US victory: Apaches moved to reservations,"James K. Polk (March 4, 1845 - March 4, 1849), Zachary Taylor (March 4, 1849 - July 9, 1850), Millard Fillmore (July 9, 1850 - March 4, 1853), Franklin Pierce (March 4, 1853 - March 4, 1857), James Buchanan (March 4, 1857 - March 4, 1861), Abraham Lincoln (March 4, 1861 - April 15, 1865), Andrew Johnson (April 15, 1865 - March 4, 1869), Ulysses S. Grant (March 4, 1869 - March 4, 1877), Rutherford B. Hayes (March 4, 1877 - March 4, 1881), James A. Garfield (March 4, 1881- September 19, 1881), Chester A. Arthur (September 19, 1881 - March 4, 1885), Grover Cleveland (March 4, 1885 - March 4, 1889), Benjamin Harrison (March 4, 1889- March 4, 1893), Grover Cleveland (March 4, 1893 - March 4, 1897), William McKinley (March 4, 1897 - September 14, 1901), Theodore Roosevelt (September 14, 1901 - March 4, 1909), William Howard Taft (March 4, 1909 - March 4, 1913), Woodrow Wilson (March 4, 1913 - March 4, 1921), Warren G. Harding (March 4, 1921 - August 2, 1923), Calvin Coolidge (August 2, 1923 - March 4, 1929)",
Navajo Wars,19th Century,1849-1866,New Mexico ,United States,Navajo Nation,US victory: Long Walk of the Navajo. Navajos moved to reservations,"James K. Polk(March 4, 1845 - March 4, 1849)Zachary Taylor(March 4, 1849 - July 9, 1850)Millard Fillmore(July 9, 1850 - March 4, 1853)Franklin Pierce(March 4, 1853 - March 4, 1857)James Buchanan(March 4, 1857 - March 4, 1861)Abraham Lincoln(March 4, 1861 - April 15, 1865)Andrew Johnson(April 15, 1865 - March 4, 1869)",
Bleeding Kansas,19th Century,1854-1861,Kansas and Missouri ,Anti-slavery settlers (Free-Staters),Pro-slavery settlers (Border Ruffians),"Free-Stater victory: Kansas admitted as a free state on January 29, 1861.","Franklin Pierce (March 4, 1853 - March 4, 1857), James Buchanan (March 4, 1857 - March 4, 1861)",
Puget Sound War,19th Century,1855-1856,Washington,"United States, Snoqualmie","Nisqually, Muckleshoot, Puyallup, Klickitat, Haida, Tlingit","US victory: Indians relocated to Siletz, Grand Ronde and Coast Reservations",Franklin Pierce,
Rogue River Wars,19th Century,1855-1856,Rogue Valley,United States,Tututni,"US victory: Indians relocated to Siletz, Grand Ronde and Coast Reservations",Franklin Pierce,
Third Seminole War,19th Century,1855-1858,"Pensacola,Florida",United States,Seminole,"US victory: By late 1850s, most Seminoles forced to leave their land; a few hundred remain deep in theEverglades on land unwanted by white settlers","Franklin Pierce (March 4, 1853 - March 4, 1857), James Buchanan (March 4, 1857 - March 4, 1861), Abraham Lincoln (March 4, 1861 - April 15, 1865), Andrew Johnson (April 15, 1865 - March 4, 1869)",
Yakima War,19th Century,1855-1858,Washington Territory ,"United States, Snoqualmie","Yakama, Walla Walla tribe, Umatilla tribe, Nez Perce tribe, Cayuse tribe",US victory,"Franklin Pierce (March 4, 1853 - March 4, 1857), James Buchanan (March 4, 1857 - March 4, 1861), Abraham Lincoln (March 4, 1861 - April 15, 1865), Andrew Johnson (April 15, 1865 - March 4, 1869)",
Second Opium War,19th Century,1856-1859,China  ,"British Empire, French Empire, United States",China,US victory: Treaties of Tientsin. Kowloon Peninsula and Stonecutters Island ceded to the United Kingdom as part of British Hong Kong,"Franklin Pierce (March 4, 1853 - March 4, 1857), James Buchanan (March 4, 1857 - March 4, 1861), Abraham Lincoln (March 4, 1861 - April 15, 1865), Andrew Johnson (April 15, 1865 - March 4, 1869)",
Utah War,19th Century,1857-1858,Utah Territory and Wyoming,United States,Deseret/Utah Mormons (Nauvoo Legion),Inconclusive/Other Result: Resolution through negotiation. Brigham Young replaced as governor of the territory. Full amnesty for charges of sedition and treason issued to the citizens of Utah Territory by President James Buchanan on the condition that they accept American Federal authority,"Franklin Pierce (March 4, 1853 - March 4, 1857), James Buchanan (March 4, 1857 - March 4, 1861), Abraham Lincoln (March 4, 1861 - April 15, 1865), Andrew Johnson (April 15, 1865 - March 4, 1869)",
Reform War,19th Century,1858-1866,Mexico,"Liberals, United States",Conservatives,Liberals- US victory,"Franklin Pierce (March 4, 1853 - March 4, 1857), James Buchanan (March 4, 1857 - March 4, 1861), Abraham Lincoln (March 4, 1861 - April 15, 1865), Andrew Johnson (April 15, 1865 - March 4, 1869)",
Pig War,19th Century,1859,San Juan Islands ,"United States, Washington Territory","United Kingdom, Colony of Vancouver Island",Inconclusive/Other Result: Treaty of Washington. Mostly a bloodless war- San Juan Islands awarded to the United States following third-party arbitration,James Buchanan,
John Brown's Raid on Harpers Ferry,19th Century,1859,West Virginia ,United States,"Abolitionist, Insurgents",US victory,James Buchanan,
First and Second Cortina War,19th Century,1859-1861,Texas and Mexico,"United States, Confederate States, Mexico",Cortinista bandits,US-allied victory,James Buchanan,
Paiute War,19th Century,1860,"Pyramid Lake,Nevada",United States,"Paiute, Shoshone, Bannock",US victory,James Buchanan,
American Civil War,19th Century,1861-1865,"Southern United States, Indian Territory, Northeastern United States, Western United States, Atlantic Ocean ","United States, Indian Home Guard, Seminole Nation (Western), Seminole Nation (Florida), Muskogee Nation","Confederate States, Cherokee Nation, Choctaw Nation, Catawba, Chickasaw Nation (part), Muskogee Nation (part), Seminole Nation (Western) (part), Comanche Nation (part)",US victory: Dissolution of the Confederate States. U.S.territorial integrity preserved. Beginning of the Reconstruction Era. U.S. Federal government expands further control over land and railroad rights in theIndian Territory.,Abraham Lincoln,
Yavapai Wars,19th Century,1861-1875,Arizona,United States,"Yavapai, Apache, Yuma, Mohave",US victory,"Abraham Lincoln(March 4, 1861 - April 15, 1865)Andrew Johnson(April 15, 1865 - March 4, 1869)Ulysses S. Grant(March 4, 1869 - March 4, 1877)",
Dakota War of 1862,19th Century,1862,Minnesota and Dakota ,United States,Dakota Sioux,US victory,Abraham Lincoln,
Colorado War,19th Century,1863-1865,"Colorado, Wyoming, and Nebraska",United States,"Cheyenne, Arapaho, Sioux",Inconclusive/Other Result: Military and congressional hearings against John Chivington,Abraham Lincoln,
Snake War,19th Century,1864-1868,,United States,"Paiute, Bannock, Shoshone",US victory,"Abraham Lincoln (March 4, 1861 - April 15, 1865), Andrew Johnson (April 15, 1865 - March 4, 1869)",
Powder River War,19th Century,1865,Powder River State,United States,"Sioux, Cheyenne, Arapaho",Inconclusive,Andrew Johnson,
Red Cloud's War,19th Century,1866-1868,Powder River State,"United States, Crow Nation","Lakota, Cheyenne, Arapaho",Lakota-allied victory: Treaty of Fort Laramie (1868). Legal control of Powder River Country ceded to Native Americans. Creation of the Great Sioux Reservation(including theBlack Hills),Andrew Johnson,
Formosa Expedition,19th Century,1867,"Hengchun, Taiwan, Qing China",United States,Paiwan,Paiwan victory,Andrew Johnson,
Comanche Campaign,19th Century,1867-1875,Western United States  ,United States,"Cheyenne, Arapaho, Comanche, Kiowa",US victory,"Andrew Johnson (April 15, 1865 - March 4, 1869), Ulysses S. Grant (March 4, 1869 - March 4, 1877)",
United States expedition to Korea,19th Century,1871,Ganghwa Island ,United States,Joseon dynasty,Inconclusive/Other Result: American military victory. American diplomatic failure. Withdrawal of American forces. Korea retains isolationist policies. Eventual signing of the United States-Korea Treaty of 1882,Ulysses S. Grant,
Modoc War,19th Century,1872-1873,California and Oregon ,United States,Modoc,US victory,Ulysses S. Grant,
Red River War,19th Century,1874-1875,Texas,United States,"Cheyenne, Arapaho, Comanche, Kiowa",US victory: End to the Texas-Indian Wars,Ulysses S. Grant,
Las Cuevas War,19th Century,1875,Texas and Mexico ,United States,Mexican bandits,US victory: Cattle returned to Texas,Ulysses S. Grant,
Great Sioux War of 1876,19th Century,1876-1877,"Montana, Dakota and Wyoming ",United States,"Lakota, Dakota Sioux, Northern Cheyenne, Arapaho",US victory: Legal control of Powder River Country ceded to the United States,Ulysses S. Grant,
Buffalo Hunters' War,19th Century,1876-1877,Texas and Oklahoma,United States,"Comanche, Apache",US victory,Ulysses S. Grant,
Nez Perce War,19th Century,1877,"Oregon, Idaho, Wyoming, and Montana ",United States,"Nez Perce, Palouse",US victory,Rutherford B. Hayes,
Bannock War,19th Century,1878,"Idaho, Oregon, and Wyoming",United States,"Bannock, Shoshone, Paiute",US victory,Rutherford B. Hayes,
Cheyenne War,19th Century,1878-1879,"Oklahoma, Kansas, Nebraska, South Dakota and Montana ",United States,Cheyenne,US victory,Rutherford B. Hayes,
Sheepeater Indian War,19th Century,1879,Idaho,United States,Shoshone,US victory,Rutherford B. Hayes,
Victorio's War,19th Century,1879-1880,Mexico,"United States, Mexico",Apache,US-allied victory,Rutherford B. Hayes,
White River War,19th Century,1879,Colorado ,United States,Ute,US victory,Rutherford B. Hayes,
Egyptian Expedition,19th Century,1882,Alexandria  ,United States,Egypt,US victory,Chester A. Arthur,
Crow War,19th Century,1887,Montana ,United States,Crow people,US victory,Grover Cleveland,
Ghost Dance War,19th Century,1890-1891,South Dakota ,United States,Sioux,US victory,Benjamin Harrison,
Garza War,19th Century,1891-1893,Texas and Mexico,"Mexico, United States",Garzistas,US-allied victory,Benjamin Harrison,
Yaqui Wars,19th Century,1896-1918,Arizona and Mexico ,"United States, Mexico","Yaqui, Pima, Opata",US-allied victory,"Grover Cleveland (March 4, 1893 - March 4, 1897), William McKinley (March 4, 1897 - September 14, 1901), Theodore Roosevelt (September 14, 1901 - March 4, 1909), William Howard Taft (March 4, 1909 - March 4, 1913), Woodrow Wilson (March 4, 1913 - March 4, 1921)",
Second Samoan Civil War,19th Century,1898-1899,Samoa  ,"Samoa, United States","Mataafans, German Empire",Inconclusive/Other Result: Allies and Rebels compromise for peaceTripartite Convention. United States acquires American Samoa. United Kingdom withdraws claim in exchange for concessions in the Solomon Islands. Germany acquires German Samoa. Mata'afa Iosefo becomes paramount chief of Samoa,William McKinley,
Spanish-American War,19th Century,1898,"Cuba, Puerto Rico, Philippines and Guam ","United States, Cuban Revolutionaries, Filipino Revolutionaries","Spain, Cuba, Guam, Philippines, Puerto Rico",US-allied victoryTreaty of ParisProtectorate over CubaCollapse of theSpanish Empire,William McKinley,
Philippine-American War,19th Century,1899-1902,Philippines ,"United States - Military government (1899-1902), United States - Civil government (1902-1906)","(1899-1902) Philippine Republic, Negros Republic, Zamboanga Republic, Limited Foreign Support:Empire of Japan, Shishi, (1902-1906) Tagalog Republic, Irrenconcilables",US victory: Occupation of the Philippines. Establishment of the Insular Government of the Philippine Islands. General Emilio Aguinaldo captured. Dissolution of the First Philippine Republic,"William McKinley (March 4, 1897 - September 14, 1901), Theodore Roosevelt (September 14, 1901 - March 4, 1909)",
Moro Rebellion,19th Century,1899-1913,Philippines ,United States,"Moro, Remnants of the Sulu Sultanate",US victory: Total annexation of the Philippine Islands,"William McKinley (March 4, 1897 - September 14, 1901), Theodore Roosevelt (September 14, 1901 - March 4, 1909), William Howard Taft (March 4, 1909 - March 4, 1913), Woodrow Wilson (March 4, 1913 - March 4, 1921)",
Boxer Rebellion,19th Century,1899-1901,China ,"British Empire, United Kingdom, Australia, New Zealand, India, Russian Empire, Empire of Japan, French Republic, United States, German Empire, Kingdom of Italy, Austro-Hungarian Empire, China(until 1900)","Boxers, China (from 1900)",US-allied victory: Signing of the Boxer Protocol. Provisions for foreign troops to be stationed in Beijing,William McKinley,
Crazy Snake's War,20th Century,1909,Oklahoma,United States,Creek,US victory,"Theodore Roosevelt (September 14, 1901 - March 4, 1909), Warren G. Harding (March 4, 1921 - August 2, 1923), Calvin Coolidge (August 2, 1923 - March 4, 1929)",
Mexican Border War,20th Century,1910-1919,Mexico-United States border,United States,"Mexico, Supported by:German Empire",US victory: Seditionist insurgency suppressed. Permanent border wall established. Pancho Villa's troops no longer an effective fighting force. Mexican Constitutionalist faction leader Venustiano Carranza recognised as the sole leaders of the Mexican government by the United States,"William Howard Taft (March 4, 1909 - March 4, 1913), Woodrow Wilson (March 4, 1913 - March 4, 1921)",
Little Race War,20th Century,1912,Cuba ,"Cuba, United States",Cuban PIC,US-allied victory: Dissolution of the PIC,William Howard Taft,
United States occupation of Nicaragua,20th Century,1912-1933,Nicaragua,"United States, Nicaragua","Nicaraguan Liberals, Sandinistas",US victory:Change of regime in Nicaragua. Great Depression marks US withdrawal (1933),"William Howard Taft (March 4, 1909 - March 4, 1913), Woodrow Wilson (March 4, 1913 - March 4, 1921), Warren G. Harding (March 4, 1921 - August 2, 1923), Calvin Coolidge (August 2, 1923 - March 4, 1929), Herbert Hoover(March 4, 1929 - March 4, 1933)",
Bluff War,20th Century,1914-1915,Utah and Colorado ,United States,"Ute, Paiute",US victory,Woodrow Wilson,
United States occupation of Veracruz,20th Century,1914,Mexico ,"United States, Supported by:United Kingdom","Mexico, Supported by:German Empire, Kingdom of Italy",US victory,Woodrow Wilson,
United States occupation of Haiti,20th Century,1915-1934,Haiti ,"United States, Haiti",Haitian Rebels,US-allied victory,"Woodrow Wilson (March 4, 1913 - March 4, 1921), Warren G. Harding (March 4, 1921 - August 2, 1923), Calvin Coolidge (August 2, 1923 - March 4, 1929), Herbert Hoover (March 4, 1929 - March 4, 1933), Franklin D. Roosevelt (March 4, 1933 - April 12, 1945)",
United States occupation of the Dominican Republic,20th Century,1916-1924,Dominican Republic ,United States,Dominican Republic,US victory,"Woodrow Wilson (March 4, 1913 - March 4, 1921), Warren G. Harding (March 4, 1921 - August 2, 1923), Calvin Coolidge (August 2, 1923 - March 4, 1929)",
World War I,20th Century,"1914-1918,direct U.S. involvement in 1917-1918","Europe, Africa, Asia, Middle East, the Pacific Islands, and coast of North and South America  ","French Republic, British Empire, Kingdom of Italy, United States (since 1917), Russian Empire (until 1917), Empire of Japan, Kingdom of Serbia, Kingdom of Montenegro, Kingdom of Romania, Kingdom of Greece, Belgium, Portugal, Republic of Armenia, Sultanate of Egypt, Idrisid Emirate of Asir, Emirate of Nejd and Hasa, Kingdom of Hejaz, Republic of China, Siam, Brazil","German Empire, Austro-Hungarian Empire, Ottoman Empire, Kingdom of Bulgaria","US-allied victory: First time in history, the United States sent soldiers abroad to defend foreign soil. The October Revolution in 1917 in Russian Empire. On December 13, 1918, Woodrow Wilson arrived to France and became the first U.S. president to visit Europe while in office to take part in World War I peace negotiations. Fall of the German, Ottoman, and Austro-Hungarian empires. Formation of new countries in Europe and the Middle East. Transfer of German colonies and regions of the former Ottoman Empire to other powers.Establishment of the League of Nations, which led to the creation of today's United Nations",Woodrow Wilson,
Russian Civil War,20th Century,"1917-1923,direct U.S. involvement in 1918-1920",Russia ,"White Movement, Mountain Republic, Makhnovshchina, Right SRs, Left SRs, Green armies, Czechoslovakia, British Empire, United Kingdom, Canada, Australia, India, South Africa, Empire of Japan, Kingdom of Greece, United States, French Republic, Kingdom of Serbia, Romania, Italy, Poland, Estonia, Latvia, China, Mongolia","Russian SFSR, Far Eastern Republic, Mongolian Communists, Makhnovshchina, Left SRs, Green armies","Bolshevik Victory: The October Revolution led by the Bolshevik Party of Vladimir Lenin. The Communist Massacre of the Russian Royal Family. Fall of the Russian Empire. Establishment of theSoviet Union. Victory for the Bolshevik Red Army in Russia, Ukraine, Belarus, South Caucasus, Central Asia, Tuva, and Mongolia; incorporation of those territories into the Russian SFSR and Soviet Union. Victory for pro-independence movements in Finland, Estonia, Latvia, Lithuania, and Poland; expulsion of Bolshevik forces from those territories",Woodrow Wilson,
Posey War,20th Century,1923,Utah  ,United States,"Ute, Paiute",US victory: Last Indian uprising,Warren G. Harding,
World War II,20th Century,"1939-1945,direct U.S. involvement in 1941-1945","Europe, Pacific Ocean, Atlantic Ocean, Southeast Asia, East Asia, Middle East, Mediterranean, North Africa, Oceania, North and South America ","French Republic, British Empire, United States (since 1941), Soviet Union (since 1941), Republic of Poland, Czechoslovak Republic, Kingdom of Yugoslavia, Kingdom of Greece, Denmark, Norway, Netherlands, Belgium, Luxembourg, Republic of Cuba, Republic of Haiti, Argentina, Brazil, Mexico, Chile, Peru, United States of Venezuela, Liberia, Kingdom of Egypt, Ethiopian Empire, Union of South Africa, Sultanate of Muscat and Oman, Kingdom of Nepal, Republic of China, Mongolian People's Republic, Commonwealth of the Philippines, Viet Minh, Korean Provisional Government","Nazi Germany, Empire of Japan, Kingdom of Italy, Soviet Union (in 1939-1941), Kingdom of Hungary, Kingdom of Romania, Kingdom of Bulgaria, Slovak Republic, Independent State of Croatia, Finland, Kingdom of Iraq, Thailand, Manchukuo, Mengjiang","US-allied victory: Collapse of Nazi Germany. Fall of Japanese Empire and Italian Empire. Creation of the United Nations. Creation of the NATO. Creation of the European Coal and Steel Community, which led to the creation of today's European Union. Emergence of the United States and the Soviet Union as rival super powers. Beginning of the Cold War (1947-1991). Beginning of the Atomic Age. Germany and Austria, as well as their capitals, Berlin and Vienna, respectively, divided into four occupation zones each, one for each of the United States, France, the United Kingdom, and the Soviet Union","Franklin D. Roosevelt (March 4, 1933 - April 12, 1945), Harry S. Truman (April 12, 1945 - January 20, 1953)",
Korean War,20th Century,1950-1953,Korea,"South Korea, United Nations, United States, United Kingdom, Australia, Belgium, Canada, France, Philippines, Colombia, Ethiopian Empire, Kingdom of Greece, Luxembourg, Netherlands, New Zealand, Spanish State, Union of South Africa, Thailand, Turkey","North Korea, China, Soviet Union, Supported by:East Germany, Czechoslovak Republic, Hungarian People's Republic, Polish People's Republic, Romanian People's Republic, People's Republic of Bulgaria, Mongolian People's Republic",Inconclusive/Other Result: UNSC Resolution 83 goals achieved. North Korean invasion of South Korea repelled. South Korean statehood preserved. Subsequent United Nations invasion of North Korea repelled.Subsequent Chinese-North Korean invasion of South Korea repelled. Korean Armistice Agreement. Korean Demilitarized Zone established in 1953,"Harry S. Truman (April 12, 1945 - January 20, 1953), Dwight D. Eisenhower January 20, 1953 - January 20, 1961)",
Vietnam War,20th Century,"1955-1964[a], 1965-1973[b], 1974-1975[c]","Vietnam, Cambodia, and Laos ","South Vietnam, United States, South Korea, Australia, New Zealand, Thailand, Philippines, Kingdom of Laos, Khmer Republic","North Vietnam, Viet Cong, Pathet Lao, Khmer Rouge, China, Soviet Union, North Korea, Supported by:East Germany, Czechoslovak Socialist Republic, Hungarian People's Republic, Polish People's Republic, Socialist Republic of Romania, People's Republic of Bulgaria, Cuba",North Vietnam-allied victory: Withdrawal of American forces from Indochina. North Vietnamese victory over South Vietnam. Reunification of North Vietnam and South Vietnam into the communist state. Socialist Republic of Vietnam.Communist governments take power also in Laos and Cambodia,"Dwight D. Eisenhower (January 20, 1953 - January 20, 1961), John F. Kennedy (January 20, 1961 - November 22, 1963), Lyndon B. Johnson (November 22, 1963 - January 20, 1969), Richard Nixon (January 20, 1969 - August 9, 1974), Gerald Ford (August 9, 1974 - January 20, 1977)",
Laotian Civil War,20th Century,1959-1975,Laos ,"Kingdom of Laos, United States, South Vietnam, Thailand, Supported by:Philippines, Taiwan","Pathet Lao, North Vietnam, Supported by:China, Soviet Union, East Germany, Czechoslovak Socialist Republic, Socialist Republic of Romania, Cuba",Pathet Lao-allied victory: Fall of the Kingdom of Laos. Establishment of the communist state Lao People's Democratic Republic,"Dwight D. Eisenhower (January 20, 1953 - January 20, 1961), John F. Kennedy (January 20, 1961 - November 22, 1963), Lyndon B. Johnson (November 22, 1963 - January 20, 1969), Richard Nixon (January 20, 1969 - August 9, 1974), Gerald Ford (August 9, 1974 - January 20, 1977)",
Permesta Rebellion,20th Century,1958-1961,Indonesia ,"Permesta, United States",Indonesia,Indonesian government victory: Permesta surrendered to Indonesia government,Dwight D. Eisenhower,
Lebanon crisis,20th Century,1958,Lebanon ,"Lebanon, United States","Lebanese opposition: INM, LCP, PSP",US-allied victory: US-Lebanese occupation of the port and international airport of Beirut,Dwight D. Eisenhower,
Bay of Pigs Invasion,20th Century,1961,Cuba ,"CDRF, United States",Cuba,Cuban government victory: Failure to topple Castro's government. United States sponsored Brigade 2506 (Cuban exiles) defeated. Increased cooperation between Cuba and theSoviet Union,John F. Kennedy,
Dominican Civil War,20th Century,1965-1966,Dominican Republic ,"Dominican Loyalists, United States, IAPF (Brazil, Paraguay, Nicaragua, Costa Rica, El Salvador, Honduras)",Dominican Constitutionalists,US-allied victory: Fall of the Boschregime. Joaquín Balaguer elected as the new president,Lyndon B. Johnson,
Korean DMZ Conflict,20th Century,1966-1969,Korean Demilitarized Zone ,"South Korea, United States",North Korea,US-allied victory: North Korean failure to launch an insurgency in South Korea,"Lyndon B. Johnson (November 22, 1963 - January 20, 1969), Richard Nixon (January 20, 1969 - August 9, 1974)",
Cambodian Civil War,20th Century,1967-1975,Cambodia ,"Kingdom of Cambodia (1967-1970), Khmer Republic (1970-1975), United States, South Vietnam, Supported by:Australia, Canada, France, Thailand","National United Front of Kampuchea, Khmer Rouge, Khmer Rumdo, Khmer Việt Minh, North Vietnam, Việt Cộng, Supported by:China, Soviet Union, North Korea, Czechoslovak Socialist Republic, Socialist Republic of Romania, Cuba",Khmer Rouge-allied victory: Fall of the Kingdom of Cambodia. Creation but eventual collapse of the Khmer Republic. Creation of the Democratic Kampuchea. Beginning of the Cambodian genocide,"Lyndon B. Johnson (November 22, 1963 - January 20, 1969), Richard Nixon (January 20, 1969 - August 9, 1974), Gerald Ford (August 9, 1974 - January 20, 1977)",
Multinational intervention in Lebanon,20th Century,1982-1984,Lebanon ,"Lebanese Armed Forces, UNIFIL Multinational Force in Lebanon:United States, France, United Kingdom, Italy, Israel, Lebanese Front, Army of Free Lebanon, SLA","Lebanese National Movement. Jammoul, PLO, Amal Movement, Iran, Islamic Revolutionary Guard Corps, Hezbollah, Islamic Jihad Organization, Islamic Unification Movement, Syria, Arab Deterrent Force, Saudi Arabia, Sudan, United Arab Emirates, Libya, South Yemen",Syrian-allied victory: Multinational forces fail to prevent collapse of Lebanese Army into Syrian- or Israeli- supported militias. Multinational forces evacuated after the US embassy and US Marine barracks are bombed by the Islamic Jihad Organization. Multinational forces oversee withdrawal of Palestine Liberation Organization. Humanitarian crisis in Southern Lebanon. Civil war continues until 1990. President Hafez al-Assad continues his occupation of Lebanon until his son and later president Bashar al-Assad orders a withdrawal from the country,"Ronald Reagan(January 20, 1981 - January 20, 1989)",
United States invasion of Grenada,20th Century,1983,Grenada ,"United States, Barbados, Jamaica, Antigua and Barbuda, Dominica, Saint Kitts and Nevis, Saint Lucia, Saint Vincent and the Grenadines","PRG of Grenada, Cuba, Military advisors:Soviet Union, Bulgaria, East Germany, Libya",US-allied victory: Military dictatorship of Hudson Austin deposed. Defeat of Cuban military presence. Restoration of constitutional government,Ronald Reagan,
Bombing of Libya,20th Century,1986,Libya ,United States,Libya,US victory: Failed Libyan Scud missile response. Muammar Gaddafi survives,Ronald Reagan,
Tanker War,20th Century,1987-1988,Persian Gulf ,United States,Iran,"US victory: U.S. Navy sinks several ships and damages Iranian military installations used to attack U.S. and U.S. allied civilian shipping. U.S. Navy vessel USS Vincennes shoots down civilian Iran Air Flight 655 killing all 290 passengers, among them 66 children. Iran-Iraq War ends in August 1988 following UN enforcement of the ceasefire",Ronald Reagan,
United States invasion of Panama,20th Century,1989-1990,Panama ,"United States, Panamanian Opposition",Panama,US-allied victory: Dictator Manuel Noriega deposed,George H. W. Bush,
Gulf War,20th Century,1990-1991,"Iraq, Kuwait, Saudi Arabia, and Israel ","United States, United Kingdom, Kuwait, Saudi Arabia, France, Canada, Egypt, Syria, Qatar, Bahrain, United Arab Emirates, Oman",Iraq,US-allied victory: Iraqi withdrawal from Kuwait; EmirJaber III restored. Sanctions against Iraq,George H. W. Bush,
Iraqi No-Fly Zone Enforcement Operations,20th Century,1991-2003,Iraq ,"United States, United Kingdom, France, Australia, Belgium, Netherlands, Saudi Arabia, Turkey, Italy",Iraq,US-allied victory: Periodic depletion of Iraqi air defenses,"George H. W. Bush (January 20, 1989 - January 20, 1993), Bill Clinton (January 20, 1993 - January 20, 2001), George W. Bush (January 20, 2001 - January 20, 2009)",
First U.S. Intervention in the Somali Civil War,20th Century,1992-1995,Somalia ,"United States, United Kingdom, Spain, Saudi Arabia, Malaysia, Pakistan, Italy, India, Greece, Germany, France, Canada, Botswana, Belgium, Australia, New Zealand",Somali National Alliance,"Somali victory: Failure to capture SNA leader Mohamed Farrah Aidid; specific Aidid lieutenants captured. Withdrawal of U.S. forces 5 months after losses in the Battle of Mogadishu. The UN mandate saved close to 100,000 lives, before and after U.S. withdrawal. Civil war is on going","George H. W. Bush (January 20, 1989 - January 20, 1993), Bill Clinton (January 20, 1993 - January 20, 2001)",
Bosnian WarandCroatian War,20th Century,1992-1995,Bosnia and Herzegovina and Croatia ,"Bosnia and Herzegovina, Herzeg-Bosnia, Croatia, United States, Belgium, Canada, Denmark, France, Germany, Italy, Luxembourg, Netherlands, Norway, Portugal, Spain, Turkey, United Kingdom","Republika Srpska, Serbian Krajina, Western Bosnia","Inconclusive/Other Result: Military stalemate. Dayton Accords. Internal partition of Bosnia and Herzegovina. Over 101,000 dead, 65,000 Bosniaks, 28,000 Serbs, 8,000 Croats. Deployment of NATO-led IFOR to uphold the peace agreement. High Representative for Bosnia and Herzegovina established to implement the peace agreement","George H. W. Bush (January 20, 1989 - January 20, 1993), Bill Clinton (January 20, 1993 - January 20, 2001)",
Intervention in Haiti,20th Century,1994-1995,Haiti ,"United States, Poland, Argentina",Haiti,US-allied victory: Reinstatement of Jean-Bertrand Aristide as president of Haiti,Bill Clinton,
Kosovo War,20th Century,1998-1999,Serbia ,"KLA, AFRK, Albania, Croatia, United States, Belgium, Canada, Czech Republic, Denmark, France, Germany, Hungary, Italy, Luxembourg, Netherlands, Norway, Portugal, Poland, Spain, Turkey, United Kingdom",FR Yugoslavia,"US-allied victory: Ceasefire reached through Kumanovo Agreement of June 1999 after Russian and Finnish envoys visit Belgrade. Yugoslav forces pull out of Kosovo. UN Resolution 1244 confirming Kosovo as de jure part of FRY. De facto separation of Kosovo from FR Yugoslavia under UN administration. Return of Albanian refugees after attempted ethnic cleansing of Albanians. KLA veterans join the UÇPMB, starting the Preševo insurgency. Around 200,000 Serbs, Romani, and other non-Albanians fleeing Kosovo and many of the remaining civilians becoming victims of abuse. Three Chinese journalists were killed in United States bombing of the Chinese embassy in Belgrade",Bill Clinton,
War in Afghanistan,21st Century,2001-2021,Afghanistan,"Resolute Support Mission, Afghanistan, United States, Canada, United Kingdom, Australia, New Zealand, Croatia, Czech Republic, Denmark, Georgia, Germany, Netherlands, Italy, Romania, Slovakia, Spain, Turkey","Taliban (Haqqani network), Allied groups (Hezb-e-Islami Gulbuddin, al-Qaeda, Islamic Jihad Union - Islamic Movement of Uzbekistan), Taliban splinter groups (Fidai Mahaz), IS-Affiliates:Islamic State - Khorasan Province, 2001 Invasion:Islamic Emirate of Afghanistan, Talibani Army, Salafist extremists, 055 Brigade","Taliban victory: United States invasion of Afghanistan (2001), Destruction ofal-Qaeda and Taliban militant training camps(2001), Fall of theTaliban government(2001) and Establishment of the Islamic Republic of Afghanistan. Start ofTaliban insurgency, Osama bin Laden killed by SEAL Team Six operators in Abbottabad, Pakistan in May 2011, ""Afghanization"" of  Afghan conflict. Withdrawal of most US troops by 2014. End of Operation Enduring Freedom; start of Operation Freedom's Sentinel. End of US and ISAF led combat mission; beginning of NATO-led training and assistance mission. Doha Agreement and progressive withdrawal of remaining US troops after 2020. Renewed Taliban offensive in 2021. Taliban forces capture Kabulon August 15, 2021, and overthrow the U.S.-backed Islamic Republic of Afghanistan. Re-establishment of the Taliban-run Islamic Emirate of Afghanistan. Start of Operation Allies Refuge. On August 30, 2021, the last American military plane departed Afghanistan. Billions of dollars of foreign-origin military hardware that was formerly in custody of the Islamic Republic of Afghanistan seized by Taliban ",,"George W. Bush (October 7, 2001 - January 20, 2009), Barack Obama (January 20, 2009 - January 20, 2017), Donald Trump (January 20, 2017 - January 20, 2021), Joe Biden (January 20, 2021 - Incumbent)"
US intervention in Yemen,21st Century,2002-present,Yemen,"United States, Saudi-led coalition:Saudi Arabia, United Arab Emirates, Bahrain, Kuwait, Qatar, Jordan, Morocco, Sudan, Senegal, Supported by:United States, United Kingdom, In support of:Cabinet of Yemen, Yemen Armed Forces (pro-Hadi), Yemeni Air Force, Popular Resistance",al-Qaeda in the Arabian PeninsulaAnsar al-ShariaIslamic State of Iraq and the Levant - Yemen ProvinceYemenRevolutionary Committee/Supreme Political CouncilHouthi movementYemen Armed ForcesYemeni Republican Guard,Ongoing: 378 drone strikes confirmed. al-Qaeda in the Arabian Peninsula leaders confirmed killed. Numerous al-Qaeda in the Arabian Peninsula bases destroyed. Most recent drone strike against al-Qaeda launched in February 2023. Saudi-led coalition forces intervene in Yemenin 2015 to restore the internationally recognized Yemen government led by President Abdrabbuh Mansur Hadi. United States support the Saudi Arabian-led intervention primarily through arms sales and technical assistance. U.S. Army Special Forces deployed to the Saudi Arabia-Yemen border to help defeat the Houthi rebels in 2018. Missile strikes against Houthi-controlled territory beginning in 2024,,"George W. Bush (October 7, 2001 - January 20, 2009), Barack Obama (January 20, 2009 - January 20, 2017), Donald Trump (January 20, 2017 - January 20, 2021), Joe Biden (January 20, 2021 - Incumbent)"
Iraq War,21st Century,2003-2011,Iraq,"Post-invasion (2003-2011): United States, Iraq, United Kingdom, MNF-I / Invasion phase (2003) - United States, United Kingdom, Australia, Poland, Iraqi Kurdistan, Supported by:Netherlands, Italy, Spain","Post-invasion (2003-2011) - Ba'ath Loyalists, Supreme Command for Jihad and Liberation, Naqshbandi Army, DulaimTribes, Sunni insurgents (al-Qaeda in Iraq, Islamic State of Iraq, Ansar al-Sunnah, Islamic Army of Iraq), Shia insurgents (Mahdi Army, Special Groups, Asa'ib Ahl al-Haq, Invasion phase (2003) - Iraq DulaimTribes, MEK, Ansar al-Islam, Islamic Emirate of Byara","Inconclusive/Other Result: Invasion and occupation of Iraq. Overthrow of Ba'ath Party government. Execution of Saddam Hussein.Emergence of significant insurgency, rise of al-Qaeda in Iraq, and severe sectarian violence. Subsequent reduction in violence and depletion of al-Qaeda in Iraq. Establishment of democratic elections and formation of new Shia-led government. U.S.-Iraq Status of Forces Agreement. Withdrawal of U.S. forces from Iraq in 2011. Stronger Iranian influence in Iraq. Escalation of sectarian insurgency after U.S. withdrawal leading to the rise of the Islamic State of Iraq and the Levant, the successor of al-Qaeda in Iraq. Return of US forces to Iraq in 2014",,"George W. Bush (January 20, 2001 - January 20, 2009), Barack Obama (January 20, 2009 - January 20, 2017)"
US intervention in the War in North-West Pakistan,21st Century,2004-2018,Pakistan,"Pakistan, United States, Supported by: United Kingdom","Jihadists:Taliban, Tehrik-i-Taliban Pakistan, Haqqani network, al-Qaeda, Lashkar-e-Jhangvi, Foreign Mujahideen, Uzbek Islamic Movement, Turkistan Islamic Party, Tehreek-e-Nafaz-e-Shariat-e-Mohammad, iIslamic State of Iraq and the Levant - Khorasan Province","US-allied victory: 430 drone strikes confirmed. 81 high-level insurgent leaders and thousands of low-level insurgents killed. Deaths of Hafiz Saeed Khan, the leader (emir) of ISIS-K, Afghan Taliban head Akhtar Mansour, and successive TPP heads Baitullah Mehsud and Hakimullah Mehsud. Destruction of numerous insurgent camps and safe havens. Large number of insurgents killed while some fled to Afghanistan. Most recent drone strike launched in January 2018",,"George W. Bush (January 20, 2001 - January 20, 2009), Barack Obama (January 20, 2009 - January 20, 2017), Donald Trump (January 20, 2017 - January 20, 2021)"
Second US Intervention in the Somali Civil War,21st Century,2007-present,Somalia and North eastern Kenya,"Somalia, United States, AMISOM (Burundi, Djibouti, Ethiopia, Ghana, Kenya, Nigeria, Sierra Leone, Uganda), Supported by:Italy, Turkey, United Kingdom, Non-combat support: European Union, United Nations","Jihadists:al-Shabaab, Mujahideen, Hizbul Islam, Islamic State in Somalia","Ongoing: Hundreds of drone strikes targeting the terrorist group al-Shabaab. Raids against al-Shabaab militants conducted by U.S. Special Operations Forces. African Union Intervention. U.S. backed Ethiopian invasionin 2006. Kenyan intervention. Newly formed federal government.established in 2012. Power struggle within al-Shabaab. Majority of US Troops withdraw in January 2021. US airstrikes against al-Shabaab in 2022. Redeployment of US troops in Somalia in 2022. Death of Islamic State in Somalia leader, Bilal al-Sudanion January 25, 2023. Approximately 450 U.S. troops remain in Somalia as of June 2023",,"George W. Bush (January 20, 2001 - January 20, 2009), Barack Obama (January 20, 2009 - January 20, 2017), Donald Trump (January 20, 2017 - January 20, 2021), Joe Biden (January 20, 2021 -Incumbent)"
Operation Ocean Shield,21st Century,2009-2016,Indian Ocean,"NATO, Australia, China, Colombia, India, Indonesia, Japan, Malaysia, New Zealand, Oman, Pakistan, Russia, Saudi Arabia, Seychelles, Singapore, Somalia, South Korea, Ukraine",Somali pirates,"US-allied victory: Number of pirate attacks dramatically decreased. The US Office of Naval Intelligence have officially reported that in 2013, only 9 incidents of piracy were reported and that none of them were successfully hijacked. Piracy drops 90%",,"Barack Obama (January 20, 2009 - January 20, 2017)"
International intervention in Libya,21st Century,2011,Libya ,"UNSC Resolution 1973 forces, NATO, Sweden, Jordan, Qatar, United Arab Emirates, Anti-Gaddafi rebels","Libyan Arab Jamahiriya, Remnants of Libyan Arab Jamahiriya (After August 28) - Gaddafi Loyalists, Libyan Armed Forces, Libyan Navy, Libyan Air Force, Paramilitary forces, Pro-Gaddafi militias and tribes, Mercenaries (alleged)","US-allied victory: UN authorisation of NATO led military intervention. Overthrow and collapse of The Great Socialist People's Libyan Arab Jamahiriya. The killing of Muammar Gaddafi and the end of his rule over Libya. Start and continuation of The Libyan crisis. Assumption of interim control by National Transitional Council (NTC); remains in power until August 8, 2012. Diplomatic recognition of NTC as sole governing authority for Libya by 105 countries, UN, EU, AL and AU. Post-civil war violence in Libya leading to the second civil war in 2014. Rise and spread of Madkhalismin Libya",,"Barack Obama(January 20, 2009 - January 20, 2017)"
Operation Observant Compass,21st Century,2011-2017,Uganda ,"United States, Uganda, DR Congo, Central African Republic, South Sudan",Lord's Resistance Army,"US-allied victory: Founder and leader of the LRA Joseph Rao Kony goes into hiding. Senior LRA commander Dominic Ongwen surrenders to American forces in the Central African Republic and is tried in The Hague. Majority of LRA installations and encampments located in South Sudan and Uganda abandoned and dismantled. Small scale LRA activity continues in eastern DR Congo, and the Central African Republic",,"Barack Obama(January 20, 2009 - January 20, 2017)"
US military intervention in Niger,21st Century,2013-2024,Niger ,"United States, Supported by:Niger, France","Jihadists: Al-Qaeda, Nusrat al-Islam, Islamic State of Iraq and Syria, Islamic State - West Africa Province, Islamic State in the Greater Sahara, Boko Haram(partially aligned with, ISIL since 2015)","Jihadists victory: The Niger military overthrows the government in the 2023 Nigerien coup d'état. Niger's junta ended a military agreement that allowed US troops to be deployed in the country. US lost access to Niger Air Base 201, largest drone base in Africa built by the United States for $110 million. Beginning of new military cooperation between Niger and Russia. Jihadi groups linked to al-Qaida, the Islamic State group and Boko Haram remain still active in Niger.",,"Barack Obama (January 20, 2009 - January 20, 2017), Donald Trump (January 20, 2017 - January 20, 2021), Joe Biden (January 20, 2021 -Incumbent)"
US-led intervention in Iraq,21st Century,2014-2021,Iraq ,"United States, Iraq, Iraqi Kurdistan, CJTF-OIR Members: Australia, New Zealand, Belgium, Canada, Denmark, France, Germany, Italy, Jordan, Morocco, Netherlands, Turkey, United Kingdom","Jihadists: Islamic State of Iraq and Syria, White Flags","US-allied coalition and Iraqi victory: Tens of thousands of ISIL fighters killed. American-led forces launch over 13,300 airstrikes on ISIL positions in Iraq. Heavy damage dealt to ISIL forces, ISIL loses 40% of its territory in Iraq by January 2016. Iraq declares military victory against ISIL on December 9, 2017. Low-intensity ISIL insurgency following December 2017 Multinational humanitarian and arming of ground forces efforts. 200 ISIL created mass graves found containing up to 12,000 people. Ongoing US-led Coalition advising and training of Iraqi and Kurdish ground forces. U.S. maintains limited military presence, approximately 2,500 U.S. military personnel remain in Iraq as of December 2021, providing assistance, advice and training to Iraqi forces. U.S. forces have ended combat mission in Iraq in December 2021",,"Barack Obama (January 20, 2009 - January 20, 2017), Donald Trump (January 20, 2017 - January 20, 2021), Joe Biden (January 20, 2021 -Incumbent)"
US intervention in the Syrian civil war,21st Century,2014-present,Syria ,"United States, Revolutionary Commando Army, Autonomous Administration of North and East Syria, Syrian Democratic Forces (International Freedom Battalion, People's Protection Units, Women's Protection Units, Al-Sanadid Forces, Euphrates Volcano), CJTF-OIR Members: Australia, New Zealand, Canada, Belgium, Denmark, France, Germany, Italy, Netherlands, Romania, United Kingdom, Lebanon, Morocco, Jordan, Saudi Arabia, United Arab Emirates, Qatar, Bahrain, Supported by:Iraq, Kurdistan Regional Government, TurkeyTurkish-backed rebels, Israel (limited involvement; against Hezbollah and government forces only)","Islamic State of Iraq and Syria, al-Qaeda linked groups:al-Nusra Front, Khorasan group, Tahrir al-Sham, Jaysh al-Sunna, Jund al-Aqsa, Rouse the Believers, Guardians of Religion Organization, Turkistan Islamic Party in Syria, Ahrar al-Sham, Syria (limited encounters with US and Israel), Supported by:Russia, Iran, Kata'ib Hezbollah","Ongoing: Over 11,200 American and allied airstrikes hit ISIS and other extremist groups within Syria. Thousands of ISIS targets destroyed and thousands more militants captured or killed. ISIL lose Mosul and Raqqa(2017), then other most of territory in Iraq and then Syria. Syrian government. Chemical attack in Ghouta(2013) leading to OPCW-UN Joint Mission in Syria. American support for anti-government rebels. Deployment of U.S. Marines and Special Forces. Massive amounts of human rights violations and war crimes, in particular by Syrian government forces. Semi-regular chemical attacks attributed to the Assad regime leads to condemnation and threats of measures to enforce the chemical weapons convention and the Geneva protocol to which Syria is a party. Chemical attack in Khan Shaykhun results in a retaliatory naval strike on the Syrian government-controlled Shayrat Airbase, Douma chemical attack results in retaliatory strikes/Various confrontations and airstrikes. ISIS detainee crisis takes hold in northern Syria. Death of Abu Bakr al-Baghdadi on October 27, 2019. Death of Abu Ibrahim al-Hashimi al-Qurashi on February 3, 2022. Death of Abu al-Hussein al-Husseini al-Qurashi during clashes in April 2023. Approximately 900 U.S. troops remain in Syria to combat ISIS as of January 2023",,"Barack Obama (January 20, 2009 - January 20, 2017), Donald Trump (January 20, 2017 - January 20, 2021), Joe Biden (January 20, 2021 -Incumbent)"
US intervention in Libya,21st Century,2015-2019,Libya,"United States, United Kingdom, France, Libya, Government of National Accord","Jihadists: Islamic State in Libya, al-Qaeda in the Islamic Maghreb","ISIS in Libya largely defeated. Liberation of Sirte. Hundreds of airstrikes carried out in Libya against Islamic State affiliated militant groups. Thousands of ISIL targets destroyed. ISIS presence in Libya severely diminished; airstrikes cease in 2019. Second Libyan Civil War continues until a permanent ceasefire was ratified on October 23, 2020",,"Barack Obama (January 20, 2009 - January 20, 2017), Donald Trump (January 20, 2017 - January 20, 2021)"
Operation Prosperity Guardian,21st Century,2023-present,"Red Sea,Gulf of Aden and Yemen","United States, United Kingdom, Australia, New Zealand, Canada, Denmark, Greece, Netherlands, Norway, Bahrain, Singapore, Sri Lanka, Supported by:Seychelles","Yemen, Supreme Political Council, Houthi movement",Ongoing: US-led multinational coalition formed in December 2023 to respond to attacks on shipping in the Red Sea. Missile strikes against Houthi-controlled territory beginning in 2024,,"Joe Biden(January 20, 2021 -Incumbent)"